carat,cut,color,clarity,depth,table,price,x,y,z
0.5,Premium,I,SI1,61.7,58,1059,5.15,5.09,3.16
0.74,Premium,F,SI2,59.6,58,2328,5.91,5.87,3.51
1.5,Very Good,H,VS1,63.4,59,10652,7.13,7.2,4.54
1.01,Premium,I,SI1,61.8,58,4072,6.45,6.37,3.96
0.33,Very Good,E,VS2,61.9,58,627,4.42,4.47,2.75
0.71,Ideal,H,VVS1,62,57,2739,5.71,5.75,3.55
1.01,Good,F,SI1,60.5,64,4989,6.48,6.45,3.91
1.21,Very Good,J,VS1,59.3,57,5604,6.98,7.04,4.16
0.71,Ideal,G,SI1,61.7,56,2518,5.74,5.77,3.55
0.31,Premium,E,VS2,60.3,58,872,4.42,4.37,2.65
1.74,Good,H,SI1,60.6,62,12032,7.74,7.8,4.71
0.63,Premium,H,VS1,62.9,60,1921,5.45,5.33,3.39
2,Fair,F,SI2,70.2,57,15351,7.63,7.59,5.34
0.39,Ideal,E,VS2,60.5,56,839,4.75,4.77,2.88
2.56,Good,J,SI2,63.6,62,15231,8.62,8.57,5.47
0.56,Very Good,F,VS2,60,57,1627,5.34,5.39,3.22
0.33,Ideal,G,VVS1,61.8,59,802,4.45,4.48,2.76
2.03,Very Good,G,SI1,60.1,60,18630,8.09,8.18,4.89
1.01,Fair,E,SI1,69.5,55,4853,6,5.94,4.15
0.3,Ideal,H,VS1,62.5,56,526,4.24,4.27,2.66
0.35,Premium,D,SI1,61,60,644,4.54,4.58,2.78
0.66,Ideal,E,SI2,61.9,55,1560,5.61,5.64,3.48
0.51,Ideal,E,SI1,62.2,57,1546,5.12,5.08,3.17
1.01,Ideal,E,SI1,61.6,57,5206,6.44,6.49,3.98
0.5,Good,E,VVS1,58.3,62,2008,5.16,5.23,3.03
2.11,Premium,H,SI2,60.9,59,12633,8.3,8.25,5.04
0.41,Ideal,F,VS1,62.3,55,1007,4.77,4.79,2.98
0.3,Very Good,D,SI1,62.1,58,552,4.25,4.28,2.65
0.95,Good,E,VS2,57.7,58,5272,6.47,6.52,3.75
1.51,Premium,H,VS1,61,60,11161,7.29,7.34,4.46
0.77,Very Good,E,VS1,59.4,61,3488,5.98,5.94,3.54
1.01,Very Good,H,VS2,62.8,59,5559,6.33,6.38,3.99
1.5,Very Good,J,VVS2,61.5,60,8712,7.27,7.31,4.48
0.54,Ideal,G,VVS2,60.6,56,2090,5.27,5.26,3.19
1.2,Very Good,G,SI2,62,60,5698,6.78,6.76,4.2
1.02,Ideal,I,SI1,62,56,4738,6.44,6.46,4
0.41,Very Good,F,VVS1,61.4,58,1122,4.76,4.78,2.93
0.81,Premium,I,VVS2,62.9,59,3084,5.95,5.84,3.71
0.97,Ideal,F,SI1,61.7,56,3884,6.37,6.32,3.92
1.23,Ideal,H,VVS2,62,55,8079,6.85,6.9,4.26
0.57,Ideal,G,VS2,61.8,56,1608,5.3,5.35,3.29
0.91,Premium,F,SI2,58.2,61,3746,6.58,6.41,3.77
1.01,Premium,G,VVS2,61.9,59,7964,6.45,6.41,3.98
0.36,Ideal,D,VS2,60,56,727,4.66,4.68,2.8
0.92,Fair,H,SI2,66.1,57,2283,6.22,6,4.05
1,Good,F,VVS2,60.7,62,8079,6.36,6.4,3.87
0.5,Very Good,E,SI1,63.7,58,1293,5.02,5.06,3.21
1.2,Premium,F,I1,62.9,58,2360,6.86,6.79,4.29
0.34,Premium,D,SI1,62,56,803,4.47,4.43,2.76
0.92,Premium,H,VS2,61.3,58,4077,6.21,6.26,3.82
2.01,Very Good,E,SI1,60.8,59,16956,8.14,8.2,4.97
1.16,Ideal,D,VS1,61.2,58,10241,6.73,6.76,4.13
1.21,Very Good,D,SI2,62.4,58,6248,6.77,6.83,4.24
1.51,Very Good,G,VVS2,62.6,59,15110,7.26,7.3,4.56
0.91,Premium,D,SI2,62.4,56,3949,6.2,6.17,3.86
1.21,Premium,H,SI1,60.5,60,4743,6.81,6.72,4.09
2.19,Premium,J,SI2,61.8,60,13355,8.35,8.25,5.13
0.31,Ideal,F,VVS1,61.9,53.5,882,4.36,4.39,2.71
1.05,Very Good,E,SI1,62.2,56,5494,6.49,6.56,4.06
0.91,Very Good,H,VS2,62.8,58,4201,6.15,6.17,3.87
1.72,Very Good,F,SI1,63.2,61,13622,7.62,7.57,4.8
1.23,Ideal,H,VS2,61.7,56,7687,6.92,6.88,4.26
0.46,Fair,I,VS2,66.8,55,855,4.82,4.77,3.2
1.24,Premium,I,VS2,60.1,59,5889,7.02,6.95,4.2
1,Good,H,SI1,63.8,53,4596,6.39,6.27,4.04
0.41,Premium,G,VVS1,59.9,59,1151,4.79,4.83,2.88
0.7,Ideal,I,VVS1,61.8,56,2492,5.72,5.74,3.54
0.7,Ideal,H,VS2,61.2,57,3145,5.73,5.77,3.52
1.54,Ideal,E,VS2,62,56,14529,7.46,7.43,4.61
0.36,Ideal,F,SI1,60.1,56,770,4.67,4.62,2.79
1.02,Ideal,F,VS2,62,56,7326,6.42,6.45,3.99
0.3,Ideal,E,VS2,62.2,57,622,4.26,4.32,2.67
0.32,Ideal,G,IF,62.2,53,918,4.41,4.43,2.75
0.4,Ideal,H,SI1,61.3,57,705,4.77,4.79,2.93
0.32,Very Good,F,VS2,63.2,58,828,4.35,4.32,2.74
0.31,Good,G,VVS1,58,62,761,4.42,4.47,2.58
0.31,Ideal,F,VS2,62.3,55,802,4.37,4.33,2.71
1.1,Good,I,SI1,63.7,59,4497,6.56,6.5,4.16
1.26,Premium,D,SI2,61.9,58,5412,6.88,6.81,4.24
0.27,Very Good,E,VVS1,62.4,55,591,4.18,4.22,2.62
1.01,Premium,H,SI1,60.7,58,4771,6.49,6.45,3.93
1.16,Premium,H,SI2,61.8,58,4872,6.81,6.75,4.19
2.03,Fair,F,SI1,65.4,58,16280,7.9,7.84,5.15
1.59,Premium,E,SI2,62.3,58,6010,7.42,7.37,4.61
1.56,Fair,I,SI1,64.6,62,7950,7.26,7.23,4.68
1,Ideal,D,SI1,61.7,57,5489,6.39,6.42,3.95
1.26,Ideal,G,SI1,61.3,57,7230,6.94,6.99,4.27
1.15,Premium,E,SI2,61.8,56,4701,6.75,6.7,4.15
1.32,Very Good,H,SI1,62.3,58,7389,6.96,7,4.35
1.3,Ideal,I,VS2,61.7,56,6714,7.07,7.02,4.35
1.05,Very Good,H,VS1,59.5,56,6132,6.62,6.68,3.96
1.17,Premium,F,SI2,59.6,60,4324,6.88,6.85,4.09
0.5,Ideal,F,SI1,62.7,57,1378,5.09,5.06,3.18
1,Good,E,VS2,64.1,54,6315,6.26,6.31,4.03
0.31,Ideal,H,VS2,62.6,57,628,4.35,4.31,2.71
0.5,Good,F,VS2,64,57,1323,5.08,5.04,3.23
0.31,Ideal,F,IF,62.2,56,1046,4.34,4.31,2.69
0.54,Ideal,G,VS1,62,56,1847,5.24,5.21,3.24
1.62,Premium,J,SI2,61.8,59,5157,7.48,7.44,4.61
1.32,Very Good,G,SI2,62.9,57,6294,6.94,6.98,4.38
1.5,Very Good,F,I1,63.2,57,6028,7.29,7.24,4.59
1.2,Premium,E,VVS1,60.2,60,13321,6.84,6.97,4.16
1.16,Premium,I,SI2,62.1,58,4326,6.78,6.71,4.19
0.4,Good,J,VS2,64,57,591,4.67,4.7,3
0.3,Ideal,G,SI1,61.2,56,487,4.33,4.36,2.65
0.41,Very Good,E,SI1,62.9,57,755,4.73,4.78,2.99
1.01,Premium,F,SI2,62.6,60,4416,6.35,6.37,3.98
0.71,Premium,G,VS2,60.3,60,2671,5.76,5.81,3.49
0.4,Very Good,D,SI1,63.3,57,924,4.71,4.68,2.97
0.51,Ideal,E,VVS2,60.7,58,2545,5.19,5.17,3.14
1.37,Ideal,J,SI1,62.1,55,6339,7.13,7.16,4.44
1.11,Ideal,H,VS2,64,58,5632,6.52,6.46,4.16
0.4,Good,D,SI1,60.3,61,667,4.74,4.78,2.87
1.11,Ideal,E,SI2,60.6,56,5962,6.76,6.78,4.1
0.51,Very Good,D,VS1,62.2,59,1959,5.1,5.13,3.18
1,Very Good,H,SI2,63.3,57,4200,6.37,6.3,4.01
1.2,Premium,I,VS2,62.1,59,5474,6.77,6.72,4.19
1,Good,D,SI2,57.8,58,4218,6.55,6.61,3.8
1.05,Premium,F,SI1,60.3,60,5557,6.66,6.54,3.98
1.32,Very Good,F,VVS2,61.6,61,12736,6.97,7.02,4.31
0.3,Premium,G,VVS1,62.4,57,1013,4.29,4.27,2.67
0.72,Ideal,F,SI2,61.6,57,2074,5.75,5.68,3.52
0.72,Ideal,D,SI2,60.5,57,3176,5.82,5.89,3.54
0.52,Ideal,G,SI2,62.1,56,1210,5.13,5.18,3.2
2.28,Very Good,H,SI2,63.3,54,12907,8.36,8.29,5.27
0.25,Very Good,I,VVS2,62.1,56,500,4.03,4.05,2.51
1.52,Fair,H,VS2,62.1,66,8674,7.33,7.13,4.5
0.53,Ideal,F,SI1,61.9,55,1639,5.19,5.21,3.22
0.42,Very Good,E,SI1,62.5,55,773,4.8,4.83,3.01
0.35,Very Good,G,VVS1,61.2,57,842,4.55,4.58,2.79
0.42,Premium,H,VS1,61.2,60,847,4.77,4.84,2.94
1.03,Premium,F,SI1,61.5,57,5087,6.53,6.44,3.99
1.4,Ideal,J,SI1,62.1,57,6350,7.17,7.14,4.44
1.18,Ideal,I,SI2,62.2,57,4838,6.73,6.76,4.2
1.19,Ideal,H,SI2,62,57,4914,6.77,6.81,4.21
0.52,Very Good,G,SI2,63,55,1049,5.12,5.14,3.23
0.52,Very Good,E,SI1,62.8,56,1389,5.13,5.15,3.23
0.9,Premium,G,SI1,62.9,58,3774,6.11,6.02,3.82
0.4,Premium,E,SI2,61.4,59,666,4.7,4.75,2.9
1.15,Very Good,E,SI2,60,59,5257,6.78,6.82,4.08
1,Good,G,VS2,63.1,61,5702,6.33,6.38,4.01
1.02,Very Good,E,SI2,63.3,58,4540,6.31,6.4,4.02
1.01,Very Good,F,VS2,62,60,8330,6.36,6.39,3.95
1.11,Very Good,E,SI2,61.7,63,4102,6.54,6.65,4.07
0.58,Ideal,I,VVS1,62.1,56,1680,5.32,5.34,3.31
1.53,Ideal,I,VS2,62.2,57,9596,7.39,7.33,4.58
2.14,Premium,G,SI2,60.4,59,17673,8.38,8.32,5.04
0.73,Premium,E,SI2,60.8,60,2409,5.87,5.78,3.54
1.01,Good,F,SI1,62.4,59,4619,6.3,6.42,3.97
0.53,Ideal,H,VS2,61.4,56,2031,5.2,5.23,3.2
0.38,Ideal,E,VS1,61.6,56,1000,4.62,4.66,2.86
1.59,Very Good,G,SI1,59.5,61,10963,7.57,7.65,4.53
0.53,Ideal,F,VS1,61.5,56,1856,5.26,5.22,3.22
1.47,Very Good,J,VS2,62.5,59,6763,7.18,7.23,4.5
0.7,Ideal,F,SI1,60.7,57,2833,5.73,5.75,3.49
0.32,Ideal,G,VS1,62.3,54,828,4.39,4.37,2.73
0.27,Very Good,F,VVS2,61.3,57,682,4.14,4.18,2.54
0.7,Very Good,E,VS2,62.4,60,2755,5.57,5.61,3.49
1.53,Premium,I,SI1,60.8,59,8911,7.54,7.49,4.57
0.7,Fair,E,SI2,65,54,2600,5.56,5.52,3.6
0.36,Very Good,G,VVS2,61.9,58,821,4.54,4.6,2.83
0.91,Very Good,I,VS2,62.5,58,3579,6.13,6.19,3.85
0.92,Premium,H,SI2,60.4,59,3174,6.36,6.33,3.83
0.79,Ideal,I,SI1,60.5,58,2539,5.97,5.99,3.62
1,Good,E,SI1,59.8,65,4213,6.56,6.45,3.89
0.32,Ideal,E,VS2,62.1,55,768,4.43,4.4,2.74
1.18,Ideal,H,SI2,61.2,57,5182,6.81,6.86,4.18
0.5,Ideal,I,VS2,61.6,54,1220,5.11,5.14,3.16
1.3,Very Good,E,VVS2,60.5,58,13725,7.05,7.11,4.28
0.24,Ideal,G,VVS1,62,55,559,4.01,4.03,2.49
1.22,Very Good,E,SI1,63.4,56,5397,6.79,6.76,4.29
1.01,Premium,G,SI1,63,60,4118,6.34,6.3,3.98
0.27,Very Good,D,VVS1,61,61,544,4.14,4.15,2.53
0.31,Good,G,VS1,63.7,56,802,4.3,4.27,2.73
0.21,Premium,E,VS2,60.5,59,386,3.87,3.83,2.33
2.02,Ideal,G,VS2,62,57,18700,8.1,8.05,5.01
0.53,Premium,J,VS2,60.9,59,1122,5.27,5.2,3.19
0.3,Ideal,D,SI1,62.1,57,524,4.25,4.28,2.65
0.39,Ideal,F,SI1,60.1,58,697,4.74,4.78,2.86
0.42,Ideal,I,VS1,62,55,773,4.83,4.85,3
0.3,Ideal,D,SI1,62.2,55,709,4.33,4.29,2.68
0.55,Ideal,E,SI1,62.1,55,1551,5.21,5.26,3.25
0.31,Ideal,F,VS2,61.5,56,802,4.37,4.34,2.68
0.26,Very Good,H,VVS2,60.5,56,486,4.13,4.16,2.51
1.5,Very Good,H,SI2,62.1,59,7365,7.24,7.28,4.51
1,Good,E,VS1,63.6,59,7260,6.32,6.35,4.03
1.03,Ideal,F,VS2,62.4,56,6751,6.48,6.43,4.03
0.56,Ideal,D,VS2,62.2,56,1963,5.24,5.28,3.27
0.5,Ideal,G,SI1,62.1,56,1286,5.09,5.05,3.15
0.31,Very Good,H,VVS1,61.9,58,707,4.32,4.34,2.68
1.51,Premium,H,SI2,63,59,7321,7.26,7.16,4.54
0.7,Premium,E,SI1,61.8,59,2396,5.63,5.57,3.46
1.21,Good,G,VS1,63.7,57,6025,6.73,6.67,4.27
0.7,Good,H,VVS2,58.9,61.5,2699,5.77,5.84,3.42
0.71,Ideal,I,SI1,62.5,57,2218,5.69,5.74,3.57
0.34,Very Good,G,VS1,62.2,55,640,4.48,4.52,2.8
0.34,Ideal,H,VS2,62.6,54,537,4.45,4.5,2.8
0.31,Ideal,G,IF,62.1,54,891,4.35,4.38,2.71
0.46,Premium,D,VVS1,60,59,1898,5,5.04,3.01
1.26,Very Good,G,VVS2,60.9,56,10020,6.95,7.01,4.25
0.41,Ideal,F,VS1,62.3,55,1007,4.77,4.79,2.98
0.31,Ideal,E,VS2,61.9,55,872,4.39,4.34,2.7
0.31,Ideal,H,VS2,62.2,55,628,4.39,4.35,2.72
0.32,Ideal,G,VS1,62.3,55,559,4.39,4.41,2.74
0.4,Premium,F,SI1,62.3,60,737,4.7,4.74,2.94
0.32,Very Good,E,VS2,62,54,702,4.37,4.41,2.72
0.3,Ideal,E,VS2,62,55,844,4.3,4.25,2.65
0.3,Ideal,F,VS2,60.5,58,573,4.3,4.36,2.62
0.41,Ideal,F,VVS2,61.9,55,1115,4.74,4.79,2.95
1.04,Ideal,H,SI2,62.1,56,4484,6.5,6.48,4.03
0.39,Ideal,G,VS1,61.8,55,802,4.72,4.76,2.93
0.3,Ideal,E,VVS1,61.5,58,838,4.28,4.31,2.64
0.71,Very Good,G,SI1,62.3,57,2104,5.7,5.76,3.57
0.3,Very Good,G,VS1,63.4,55,725,4.32,4.26,2.72
0.42,Premium,D,SI1,61.1,60,1040,4.83,4.79,2.94
1.6,Fair,F,SI2,65,56,6272,7.35,7.26,4.8
0.26,Ideal,H,IF,61.2,57,545,4.13,4.16,2.53
0.61,Ideal,I,VVS1,61.9,56,2048,5.41,5.45,3.36
1.09,Ideal,E,VS2,61.2,56,7443,6.62,6.67,4.07
1.03,Ideal,F,I1,61.1,55,3444,6.51,6.54,3.99
0.4,Ideal,E,SI1,62.2,54,1074,4.76,4.72,2.95
0.65,Ideal,H,SI1,61.5,55,1908,5.59,5.63,3.45
0.7,Ideal,F,VVS1,62.4,55,4341,5.65,5.69,3.54
1.5,Very Good,E,VS1,59.5,61,16988,7.43,7.46,4.43
0.6,Ideal,G,VS1,61.1,57,2147,5.41,5.45,3.32
1.74,Ideal,H,VS2,61.5,55,13761,7.79,7.73,4.77
1,Premium,F,SI1,61.2,58,5197,6.4,6.44,3.93
0.54,Very Good,G,SI1,60.3,57,1292,5.24,5.4,3.21
0.35,Ideal,G,VS1,62.6,54,706,4.52,4.56,2.84
1.51,Fair,I,VS2,64.8,60,8879,7.18,7.1,4.63
0.72,Very Good,J,SI1,62.7,56,1666,5.66,5.72,3.57
1.01,Very Good,E,VS2,60.4,58,6522,6.47,6.6,3.95
1.01,Ideal,G,IF,62.2,61,8957,6.34,6.4,3.96
1.09,Premium,H,SI2,59.6,61,4761,6.69,6.63,3.97
0.3,Premium,D,VS2,61.7,58,710,4.3,4.32,2.66
0.75,Very Good,F,SI1,62.1,57,2500,5.82,5.88,3.63
0.27,Good,E,VVS1,63.9,57,752,4.1,4.07,2.61
0.23,Very Good,E,VVS1,60.2,59,478,3.97,4.01,2.4
1.6,Premium,F,SI2,58.7,58,10286,7.76,7.68,4.53
0.73,Ideal,F,VVS2,61.9,55.2,3888,5.74,5.79,3.58
0.59,Ideal,J,VS2,60.8,57,1352,5.47,5.42,3.31
0.73,Ideal,G,VVS2,61.3,57,2843,5.81,5.84,3.57
1.01,Very Good,G,VS2,63.1,59,6108,6.4,6.37,4.03
0.76,Very Good,F,SI2,62.7,55,2469,5.74,5.83,3.63
1.01,Very Good,G,IF,61.1,56,9063,6.45,6.48,3.95
0.52,Very Good,D,VVS2,59.8,55,2426,5.28,5.35,3.18
0.73,Very Good,F,SI1,61.6,62,2326,5.71,5.76,3.53
0.38,Ideal,G,VVS1,61.6,57,1140,4.73,4.65,2.89
1.52,Ideal,E,VS2,62.2,57,15239,7.34,7.38,4.58
0.61,Ideal,G,SI2,60.5,56,1306,5.49,5.59,3.35
1.07,Very Good,D,SI1,61.8,61,5767,6.54,6.57,4.05
1.07,Ideal,E,SI2,61.2,56,4799,6.63,6.66,4.07
1.09,Premium,D,SI2,62.8,56,4538,6.49,6.45,4.06
4.01,Premium,I,I1,61,61,15223,10.14,10.1,6.17
2.06,Very Good,J,VS2,62.6,58,14119,8.05,8.08,5.05
1.05,Ideal,G,VS1,61.3,57,7027,6.51,6.58,4.01
1.41,Premium,I,SI2,62.9,59,6751,7.14,7.08,4.47
1.01,Premium,D,SI1,59.8,54,5147,6.6,6.5,3.93
0.56,Ideal,G,VVS2,62.6,53,2148,5.27,5.31,3.31
0.34,Ideal,H,IF,61.9,53,863,4.5,4.52,2.79
0.32,Good,D,SI1,63.8,56,756,4.35,4.33,2.77
2,Good,E,SI2,57.7,61,17760,8.31,8.19,4.76
0.32,Ideal,H,IF,61.4,55,814,4.42,4.47,2.73
0.76,Ideal,G,VS1,59.4,57,2972,5.99,6.03,3.57
0.55,Ideal,I,SI1,61.4,54,1076,5.3,5.35,3.27
1.01,Good,G,SI1,62.8,58,4641,6.36,6.29,3.97
1.02,Ideal,G,VS2,61.4,55,6499,6.48,6.51,3.99
1.23,Very Good,G,VVS2,62.2,57,9999,6.8,6.87,4.25
1.23,Ideal,H,VVS2,62,55,8079,6.85,6.9,4.26
0.32,Ideal,I,VS2,63,57,576,4.37,4.33,2.74
1,Very Good,H,SI2,63.7,58,4395,6.31,6.35,4.03
0.54,Very Good,E,SI2,62.4,57.7,1278,5.19,5.2,3.25
1,Premium,I,VS1,60.6,58,4077,6.47,6.4,3.9
1.2,Very Good,I,VS2,62.1,60,5986,6.78,6.72,4.19
0.53,Ideal,G,VS2,60.4,57,1607,5.27,5.23,3.17
1.01,Premium,G,SI2,62.4,58,4362,6.38,6.41,3.99
1.04,Very Good,G,VS2,61.9,57,6177,6.46,6.5,4.01
1.01,Premium,G,SI1,63,58,4525,6.35,6.29,3.98
1.21,Premium,F,SI2,61.5,57,4740,6.93,6.88,4.25
0.67,Ideal,H,SI1,62.1,54,1550,5.61,5.66,3.5
0.3,Ideal,D,SI1,62.5,57,709,4.28,4.26,2.67
0.3,Good,E,VVS1,61.5,62,702,4.28,4.34,2.65
0.31,Premium,G,VS1,61.2,60,802,4.33,4.3,2.64
0.76,Ideal,F,VS1,62.2,56,3680,5.83,5.87,3.64
0.35,Very Good,F,SI1,61,55,590,4.6,4.63,2.81
1.01,Very Good,D,IF,63.3,55,12581,6.36,6.28,4
1.7,Ideal,H,VS2,62.4,57,13681,7.61,7.56,4.73
0.27,Ideal,H,VVS2,61.9,55,496,4.14,4.16,2.57
1.01,Very Good,D,SI1,63.6,59,6270,6.33,6.37,4.04
0.59,Good,E,VS2,61.3,62,1845,5.36,5.4,3.3
0.28,Ideal,I,VS1,62.5,54,448,4.18,4.23,2.63
0.54,Ideal,H,VS1,61.5,56,1381,5.22,5.25,3.22
1.28,Very Good,I,VS1,62.8,57,6726,6.9,6.95,4.35
1.7,Good,H,VS2,63.3,57,12117,7.54,7.59,4.79
0.96,Ideal,F,I1,60.7,55,2801,6.37,6.41,3.88
0.91,Very Good,F,SI1,63.7,58,3991,6.08,6.11,3.88
0.71,Very Good,J,VS1,64.1,58,1993,5.61,5.65,3.61
0.32,Premium,I,VVS2,62.1,59,720,4.38,4.35,2.71
0.57,Good,F,VS2,62.8,62,1642,5.22,5.25,3.29
0.29,Ideal,G,VS1,61.9,55,532,4.25,4.28,2.64
0.38,Ideal,J,SI1,62,54,525,4.67,4.71,2.91
1.2,Good,I,VS1,64.8,58,5600,6.6,6.65,4.29
0.31,Ideal,D,VVS2,62.4,54,815,4.35,4.37,2.72
0.41,Very Good,F,SI1,63.6,57,680,4.72,4.75,3.01
0.5,Premium,F,VS1,59.9,61,1666,5.16,5.13,3.08
0.4,Ideal,I,SI1,61.6,56,596,4.68,4.74,2.9
1.01,Ideal,F,SI2,61.4,56,4239,6.46,6.51,3.98
1.13,Very Good,H,SI1,63.3,56,4689,6.65,6.62,4.2
1.33,Ideal,H,SI1,62.7,56,7088,6.99,7.04,4.4
0.52,Premium,E,SI1,61.8,60,1624,5.18,5.15,3.19
1.1,Very Good,G,IF,60.5,55,8592,6.77,6.71,4.08
0.74,Very Good,I,SI1,63.8,58,2352,5.72,5.76,3.66
0.3,Good,I,VS1,63.7,58,473,4.23,4.25,2.7
0.78,Premium,H,SI2,59.7,59,2074,6.03,5.97,3.58
1.01,Premium,D,SI1,61.2,60,5780,6.47,6.41,3.94
1,Very Good,D,VS2,62.4,57,8138,6.36,6.4,3.98
0.32,Very Good,H,SI1,61.8,56,482,4.38,4.41,2.71
1.51,Ideal,G,VS2,62.1,55,13532,7.33,7.38,4.57
1.58,Good,I,VS1,58.6,62,9775,7.59,7.66,4.47
0.3,Very Good,H,VVS1,63,58,684,4.22,4.25,2.67
0.43,Ideal,H,VVS2,61.3,56,1008,4.9,4.86,2.99
2.01,Premium,I,VS2,62.1,59,15520,8.06,7.98,4.98
0.71,Good,F,VS1,61.8,57,3701,5.73,5.76,3.55
0.7,Good,G,VS1,64.3,57,2625,5.59,5.64,3.61
1.09,Premium,D,SI2,61.9,61,3961,6.58,6.54,4.06
1.01,Premium,G,VS1,62.7,58,6221,6.31,6.36,3.97
2.07,Premium,F,SI2,60.7,59,18611,8.21,8.16,4.97
1.51,Premium,E,SI1,60.6,59,12738,7.45,7.41,4.5
0.41,Ideal,J,VS2,62.2,54.4,637,4.72,4.75,2.95
0.3,Ideal,G,VVS2,61.5,56,684,4.31,4.34,2.66
0.9,Premium,J,VVS2,62.5,61,3459,6.15,6.08,3.82
1.33,Premium,H,VS2,62.6,58,7943,7.07,7.01,4.41
2.03,Premium,J,SI2,61.6,58,12268,8.12,8.15,5.01
1.51,Ideal,G,VS2,62.2,57,12947,7.28,7.36,4.55
1.25,Ideal,F,VS2,62.8,57,8764,6.87,6.85,4.31
0.77,Premium,F,VS2,62.4,59,3018,5.85,5.81,3.64
0.7,Ideal,I,VVS2,61.8,56,2530,5.69,5.75,3.54
1.2,Ideal,H,VS1,61.9,57,5242,6.77,6.73,4.18
0.43,Ideal,D,SI1,61.6,56,1036,4.86,4.82,2.98
1.22,Premium,D,VS2,59.6,60,8950,6.97,6.95,4.15
0.71,Very Good,E,VS2,62.5,58,3344,5.69,5.73,3.57
1.03,Premium,H,SI1,61.1,59,4603,6.56,6.5,3.99
1.21,Premium,E,SI1,62.6,58,7334,6.82,6.79,4.26
1.8,Ideal,H,VS1,62,57,16683,7.84,7.78,4.84
0.8,Very Good,E,VS1,62.4,54,4495,5.98,5.94,3.72
0.61,Very Good,D,SI1,58.5,58,1828,5.54,5.64,3.27
0.51,Very Good,F,SI2,62.3,55,1243,5.13,5.15,3.2
0.41,Ideal,F,VS1,62.7,55,1007,4.74,4.77,2.98
0.32,Very Good,F,VVS1,59.4,59,886,4.45,4.47,2.65
1.16,Ideal,I,VS2,60.8,56,5587,6.85,6.81,4.15
0.71,Very Good,F,VS2,63.2,59,2319,5.66,5.6,3.56
0.3,Ideal,E,VVS2,60.2,57,789,4.37,4.4,2.64
1.01,Very Good,I,SI1,62.7,56,4212,6.36,6.43,4.01
0.41,Ideal,G,IF,61.7,56,1431,4.8,4.77,2.95
1,Very Good,F,VS2,61.9,59,5505,6.34,6.38,3.94
0.34,Very Good,I,SI1,61.7,56,459,4.51,4.54,2.79
0.41,Premium,G,VS1,62.5,59,899,4.73,4.77,2.97
0.57,Ideal,D,VS2,61.7,56,2099,5.3,5.37,3.29
0.7,Premium,F,VS2,60.5,58,2648,5.78,5.76,3.49
0.36,Premium,G,SI2,61.9,56,608,4.59,4.55,2.83
0.78,Premium,G,SI2,60.6,58,2486,6.02,5.99,3.64
1.53,Ideal,H,SI2,62.4,58,8034,7.32,7.38,4.59
0.4,Very Good,E,VS2,62.9,55,912,4.72,4.73,2.97
1.52,Very Good,H,VS1,59.8,57,10497,7.47,7.55,4.49
1.01,Premium,G,VVS2,61.7,59,7466,6.44,6.37,3.95
1.53,Good,E,SI1,63.5,58,11303,7.29,7.35,4.65
0.96,Very Good,D,SI2,60.2,63,3480,6.3,6.36,3.81
0.33,Very Good,H,IF,60.3,59,868,4.47,4.49,2.7
0.42,Ideal,F,SI1,60.8,54,843,4.83,4.94,2.97
0.38,Premium,H,VVS2,62,58,1069,4.64,4.62,2.87
0.54,Very Good,D,VS2,61.7,58,1892,5.16,5.24,3.21
0.51,Ideal,G,VVS2,61.1,56,1974,5.19,5.15,3.16
0.92,Premium,E,SI2,62.1,58,3941,6.22,6.18,3.85
1,Good,J,SI1,61.7,62,3690,6.37,6.4,3.94
0.32,Premium,G,SI1,62.6,58,477,4.31,4.35,2.71
0.51,Premium,G,VS1,62.9,58,1781,5.1,5.05,3.19
1.57,Ideal,I,SI1,61.9,55,11040,7.38,7.44,4.59
0.38,Premium,H,VS2,61.8,58,898,4.66,4.63,2.87
0.6,Very Good,H,VS2,64.2,57,1597,5.27,5.32,3.4
0.57,Ideal,G,VVS2,61.7,56,2095,5.3,5.33,3.28
1.53,Very Good,H,SI1,61.3,56,10446,7.42,7.44,4.56
1.01,Very Good,G,VS2,61.4,59,5944,6.42,6.48,3.96
1.01,Ideal,E,SI1,62,56,5534,6.41,6.47,3.99
0.91,Very Good,E,SI2,62.8,59,3968,6.13,6.16,3.86
0.81,Very Good,J,VS2,60.4,59,2283,6.04,6.11,3.67
0.71,Ideal,G,VS1,61.5,55,3431,5.72,5.77,3.54
0.7,Very Good,G,SI1,61.7,57,2010,5.65,5.8,3.53
1.03,Ideal,I,SI1,60.7,60,4458,6.5,6.55,3.96
0.97,Ideal,J,I1,61.6,54,2370,6.34,6.28,3.89
0.31,Ideal,I,IF,60.9,57,635,4.37,4.4,2.67
0.31,Ideal,E,SI1,62.4,57,544,4.31,4.34,2.7
0.95,Premium,G,SI2,59.8,60,3181,6.36,6.34,3.8
1.05,Premium,F,VS2,62.6,58,7025,6.47,6.5,4.06
0.31,Ideal,G,IF,61,56,891,4.38,4.41,2.68
0.26,Ideal,E,VVS2,62.2,56,769,4.15,4.12,2.57
0.31,Premium,E,SI1,62,58,698,4.35,4.3,2.68
0.41,Ideal,H,SI2,61.7,56,787,4.8,4.77,2.95
0.36,Premium,E,VS1,60.4,58,1094,4.67,4.64,2.81
1.01,Fair,G,VS2,66.8,56,4480,6.15,6.09,4.09
0.65,Ideal,D,VVS1,60.9,57,5052,5.58,5.61,3.41
0.95,Very Good,H,SI2,59,59,3335,6.38,6.51,3.77
0.33,Ideal,E,VS2,61.5,57,928,4.47,4.41,2.73
0.88,Ideal,E,VS2,61.4,56,5595,6.15,6.17,3.78
0.74,Very Good,E,SI2,63,58,2282,5.73,5.77,3.62
0.32,Ideal,I,VS2,62.5,57,449,4.35,4.39,2.73
1,Ideal,H,SI2,62,55,4580,6.39,6.43,3.98
0.92,Premium,F,SI2,62.1,60,3083,6.21,6.26,3.87
0.43,Good,D,VS2,59.9,61,976,4.84,4.88,2.91
0.51,Very Good,F,SI2,62.3,55,1243,5.13,5.15,3.2
0.32,Ideal,G,SI1,62.6,55,445,4.38,4.41,2.75
0.71,Fair,E,VS2,64.6,59,2902,5.62,5.59,3.62
0.3,Ideal,D,VS1,61.6,54,718,4.34,4.36,2.68
0.32,Very Good,F,VVS2,63.8,55,701,4.33,4.39,2.78
0.31,Good,G,VS2,63.4,59,544,4.29,4.32,2.73
1.58,Ideal,H,VS2,61.4,56,12334,7.5,7.56,4.62
0.45,Ideal,E,SI2,61.5,55,706,4.92,4.97,3.04
0.3,Ideal,E,VVS2,61.8,56,1013,4.35,4.33,2.68
0.3,Ideal,G,VVS2,62.5,53,655,4.31,4.33,2.7
0.65,Very Good,I,VVS1,62.9,58,2085,5.51,5.53,3.47
1.23,Premium,H,SI2,62,59,5717,6.92,6.88,4.28
0.31,Ideal,F,VVS1,61.4,56,840,4.37,4.4,2.69
1,Ideal,F,SI1,62.7,57,5221,6.44,6.38,4.02
0.76,Ideal,F,VS2,62.6,56,2960,5.82,5.78,3.63
0.92,Ideal,G,SI1,62.6,55,4249,6.22,6.24,3.9
1.01,Premium,F,VS1,62.4,61,7127,6.39,6.36,3.98
0.24,Ideal,G,IF,61.7,56,559,3.99,4.01,2.47
0.9,Good,F,SI1,61,62,3733,6.17,6.26,3.79
0.41,Good,F,VVS2,58.6,60,1172,4.83,4.87,2.84
0.32,Ideal,F,VS1,61,54,716,4.42,4.44,2.7
2,Fair,H,VS1,66,56,14199,7.79,7.72,5.12
0.53,Ideal,G,SI1,61.1,55,1549,5.24,5.26,3.21
0.35,Ideal,H,IF,60.8,56,1017,4.61,4.6,2.8
0.32,Ideal,D,VS1,60.3,57,780,4.42,4.44,2.67
1.23,Premium,F,VS2,59.6,58,9016,7.02,6.94,4.16
0.56,Ideal,E,SI1,60.9,56,1698,5.35,5.32,3.25
1.57,Ideal,G,VS2,61.4,55,13713,7.48,7.52,4.61
0.7,Ideal,D,VS1,62.5,57,3361,5.65,5.68,3.54
0.51,Ideal,H,VS2,61.3,57,1385,5.14,5.16,3.16
0.39,Ideal,D,VVS2,61.8,57,1290,4.71,4.67,2.9
1.22,Premium,I,VS2,62.9,58,5649,6.8,6.75,4.26
0.41,Very Good,F,SI2,62.6,54,612,4.75,4.77,2.98
0.39,Ideal,E,VS1,60.2,56,1123,4.79,4.78,2.88
0.53,Ideal,G,VS1,61.8,55,1813,5.22,5.17,3.21
1,Ideal,G,VS1,62.7,54,6465,6.42,6.37,4.01
0.36,Premium,E,VS2,60.3,59,1013,4.64,4.58,2.78
0.3,Ideal,E,SI1,61.3,56,640,4.34,4.37,2.67
0.41,Ideal,E,VVS2,61.4,57,1243,4.79,4.76,2.93
1.02,Ideal,E,SI1,62.3,54,5509,6.45,6.49,4.03
0.39,Ideal,F,VVS1,62.3,55,1124,4.67,4.7,2.92
0.92,Good,F,SI2,64.2,58,3282,6.14,6.11,3.93
0.23,Ideal,G,VS1,61.6,55,384,3.96,3.99,2.45
0.3,Good,E,VVS2,63.2,59,684,4.27,4.28,2.7
1.24,Ideal,H,VVS2,62,56,8069,6.92,6.86,4.27
1.24,Premium,H,SI2,62.3,58,4444,6.84,6.8,4.25
0.99,Premium,F,SI2,60.6,61,4075,6.45,6.38,3.89
0.71,Ideal,E,SI2,59.3,56,2388,5.89,5.84,3.48
0.39,Premium,D,VS2,61.4,60,958,4.7,4.72,2.89
0.52,Ideal,E,VS2,62.4,57,1743,5.14,5.12,3.2
0.75,Ideal,E,VS2,61.7,56,3150,5.86,5.84,3.61
1.17,Very Good,H,IF,59.3,59,7644,6.92,6.98,4.12
1.12,Ideal,E,SI2,60.9,57,3864,6.66,6.6,4.04
1.1,Ideal,E,SI2,61.6,56,5359,6.66,6.63,4.09
1,Good,F,SI1,57.9,62,4961,6.55,6.58,3.8
0.73,Ideal,G,VVS2,61.3,57,2843,5.81,5.84,3.57
1.11,Premium,I,SI2,61.5,58,4120,6.61,6.65,4.08
0.31,Ideal,D,SI1,62,56,684,4.39,4.35,2.71
0.44,Good,F,SI2,56.6,63,974,5.11,5.06,2.88
0.51,Very Good,E,VS1,61.1,59,1839,5.14,5.2,3.16
1.5,Ideal,G,VS2,62.6,56,12468,7.3,7.26,4.56
0.55,Ideal,G,VS1,61.5,57,1856,5.28,5.23,3.23
0.54,Ideal,G,IF,61.2,57,2289,5.26,5.28,3.22
1.1,Premium,E,SI2,60,60,4201,6.7,6.73,4.03
0.43,Ideal,D,VS2,60.7,57,1129,4.91,4.88,2.97
0.57,Very Good,I,SI1,61.1,61,1151,5.34,5.37,3.27
0.61,Fair,I,VS2,57.4,60.9,1437,5.6,5.65,3.23
0.39,Premium,J,VVS1,62.8,58,921,4.66,4.61,2.91
0.55,Ideal,F,VVS2,62,55,2268,5.26,5.29,3.27
1.01,Premium,F,VS1,58.8,60,7862,6.59,6.51,3.85
0.25,Very Good,E,VVS2,60.2,59,575,4.07,4.14,2.47
1,Fair,G,SI1,66.2,58,4295,6.25,6.15,4.11
1.34,Ideal,G,VS2,61.9,56,9233,7.05,7.1,4.38
0.41,Ideal,F,VS2,62.7,56,1107,4.78,4.72,2.98
0.5,Premium,F,VS1,58,59,1715,5.3,5.22,3.05
0.51,Premium,E,VS2,63,59,1709,5.08,5.05,3.19
0.32,Ideal,H,VS2,60.9,56,523,4.42,4.44,2.7
0.31,Good,E,SI1,63.4,55,507,4.26,4.29,2.71
1.01,Very Good,F,SI1,63.5,59,4989,6.38,6.29,4.02
0.31,Ideal,F,IF,62.2,56,1122,4.34,4.31,2.69
0.74,Ideal,D,VS2,61.9,56,3087,5.84,5.79,3.6
0.38,Very Good,G,VS1,60.7,55,1031,4.71,4.74,2.87
1.01,Premium,G,SI1,62.1,56,4805,6.42,6.36,3.97
1.02,Premium,F,SI1,62.2,58,5089,6.4,6.46,4
1.21,Good,E,SI2,64,62,5787,6.65,6.59,4.24
0.33,Very Good,F,VVS1,61.1,58,912,4.42,4.46,2.71
0.35,Ideal,E,VVS1,62.2,56,1116,4.53,4.51,2.81
0.24,Very Good,E,VVS2,60.6,62,478,4.03,4.06,2.45
1.01,Ideal,J,SI1,62.1,54,3207,6.48,6.4,4
0.53,Ideal,F,SI1,62.6,55,1359,5.17,5.22,3.25
0.5,Good,G,VS2,63.2,57,1410,4.99,5.04,3.17
0.31,Very Good,G,VS1,63.2,56,802,4.32,4.29,2.72
0.51,Ideal,F,VS1,60.4,56,1680,5.18,5.21,3.14
0.81,Ideal,E,SI2,63,56,2901,5.95,5.9,3.73
0.32,Premium,E,SI1,61.6,56,720,4.41,4.39,2.71
0.39,Very Good,F,VVS2,63.5,58,1058,4.65,4.61,2.94
0.58,Ideal,I,VVS1,62.3,53,1580,5.38,5.4,3.36
0.55,Very Good,J,SI1,60.9,56,1100,5.29,5.35,3.24
1.05,Ideal,F,SI1,60.6,59,5586,6.51,6.56,3.96
0.31,Ideal,G,VVS2,62.4,56,907,4.36,4.33,2.71
0.73,Very Good,G,I1,62.5,58,1298,5.74,5.82,3.61
1,Good,F,SI1,64.9,57,4844,6.25,6.32,4.08
0.52,Very Good,I,SI1,62.5,59,978,5.06,5.12,3.18
1,Good,D,VS2,63.6,56,5645,6.38,6.27,4.02
2.03,Ideal,I,VS2,59.9,60,15826,8.17,8.27,4.92
0.54,Premium,G,SI1,61.7,59,1389,5.2,5.17,3.2
0.4,Ideal,G,SI1,60.9,55,873,4.82,4.79,2.93
1.5,Very Good,E,SI2,63.3,57,7728,7.28,7.23,4.59
0.7,Good,D,VS1,60.4,62,3463,5.73,5.76,3.47
1.51,Ideal,J,VS2,61.1,57,8033,7.36,7.3,4.48
0.42,Ideal,G,VS2,61.2,56,1087,4.84,4.8,2.95
0.5,Ideal,I,SI1,61.4,56,1066,5.13,5.16,3.16
1.5,Good,E,SI2,63.3,57,9281,7.31,7.33,4.63
2,Premium,D,SI2,60.8,60,16484,8.15,8.1,4.94
0.3,Ideal,H,VVS1,63,56,878,4.27,4.24,2.68
2.01,Premium,G,VS2,60.6,59,17057,8.16,8.12,4.93
1,Ideal,I,SI1,62.5,56,4649,6.38,6.41,4
0.74,Very Good,I,VS2,60.9,56,2459,5.83,5.86,3.56
1.8,Ideal,H,VS1,62.3,56,15105,7.79,7.76,4.84
0.42,Very Good,D,SI2,60,61,700,4.85,4.89,2.92
0.42,Premium,G,VS2,59.8,58,1087,4.9,4.86,2.92
1.31,Ideal,I,VS1,64.3,59,6573,6.87,6.84,4.41
0.4,Ideal,H,IF,61.9,56,1153,4.72,4.75,2.93
1.1,Premium,E,SI2,59.1,60,4967,6.77,6.7,3.98
0.35,Ideal,G,IF,61.1,56,1044,4.54,4.59,2.79
0.71,Ideal,I,SI2,61.6,56,1947,5.72,5.74,3.53
0.71,Ideal,H,VS2,60.9,55,2450,5.76,5.74,3.5
1.12,Premium,H,SI2,62.4,58,4250,6.63,6.58,4.12
0.7,Fair,E,SI2,58.7,68,1723,5.77,5.72,3.37
0.31,Ideal,E,VS2,61.3,56,872,4.37,4.34,2.67
1.01,Good,G,SI1,63.4,58,4588,6.28,6.33,4
0.71,Good,H,VS1,63.6,55,2315,5.58,5.65,3.57
0.66,Ideal,D,VS2,61.8,56,1981,5.6,5.57,3.45
1.67,Premium,I,VS2,61.9,56,10736,7.64,7.6,4.72
1.08,Ideal,F,VS2,62.5,57,7625,6.52,6.57,4.09
0.31,Premium,F,VS2,62.9,58,802,4.31,4.27,2.7
1.08,Very Good,G,VS2,63.2,60,6096,6.53,6.44,4.1
0.53,Ideal,E,SI1,61.9,55,1435,5.18,5.22,3.22
0.78,Very Good,D,VS2,59.8,60,3672,5.97,6.03,3.59
1.35,Very Good,I,VS2,61.7,59,6884,7.05,7.09,4.36
1.01,Very Good,G,VS2,61.5,56,5759,6.41,6.47,3.96
0.51,Ideal,E,SI1,62.1,55,1438,5.09,5.15,3.18
0.61,Very Good,H,VVS2,62.8,58,1877,5.4,5.42,3.4
1.21,Ideal,J,VS2,62.2,57,4879,6.78,6.82,4.23
2.15,Ideal,I,SI1,60.9,56,13006,8.38,8.33,5.09
0.3,Very Good,I,VVS2,60.1,63,675,4.31,4.28,2.58
0.32,Very Good,H,VVS2,61.6,55,645,4.42,4.44,2.73
1,Very Good,I,SI1,58.5,61,4649,6.51,6.55,3.82
0.7,Fair,D,SI2,65.5,57,1806,5.56,5.43,3.6
0.55,Ideal,D,VS1,61.5,56,2020,5.28,5.26,3.24
2.03,Ideal,F,SI2,61.6,55,18578,8.19,8.14,5.03
0.37,Premium,G,VS2,61.2,60,833,4.63,4.58,2.82
0.84,Very Good,D,SI1,59.9,54,4205,6.2,6.23,3.72
1.05,Premium,E,SI1,62.5,59,5951,6.5,6.43,4.04
1.2,Ideal,I,SI2,62.5,56,3931,6.8,6.7,4.22
0.26,Premium,E,VVS1,62.3,60,599,4.07,4.09,2.54
2.08,Ideal,H,SI2,61.5,57,15065,8.26,8.2,5.06
0.72,Premium,H,SI1,61.5,59,2376,5.71,5.67,3.5
0.42,Premium,D,SI2,62.1,59,898,4.82,4.78,2.98
0.77,Ideal,D,SI1,62.6,57,2949,5.81,5.92,3.67
0.74,Fair,H,VS2,66.1,61,2553,5.6,5.57,3.69
0.9,Premium,E,SI1,59.1,62,4385,6.33,6.3,3.73
0.9,Premium,I,VS2,62.6,62,3292,6.13,6.04,3.81
1.02,Ideal,E,SI2,62.1,55,4798,6.51,6.4,4.01
1.93,Fair,F,VS1,58.9,62,17995,8.17,7.97,4.75
1.22,Premium,G,SI2,60.5,58,5739,6.96,6.92,4.2
1.01,Fair,F,VS2,61.1,60,6271,6.49,6.4,3.94
0.44,Very Good,F,SI1,62.8,59,829,4.88,4.91,3.07
0.6,Ideal,D,VVS2,61.9,55,3382,5.41,5.45,3.36
0.5,Good,F,VS2,59.7,63,1354,5.08,5.1,3.04
0.32,Ideal,F,IF,60.7,56,990,4.43,4.46,2.7
1.01,Very Good,D,I1,63.4,61,2291,6.38,6.3,4.02
0.6,Ideal,F,VS2,58.6,60,1923,5.54,5.62,3.27
1.01,Premium,H,SI2,63,59,3671,6.33,6.27,3.97
0.31,Good,H,VS1,63.1,57,544,4.31,4.34,2.73
1.01,Good,G,SI2,63.6,58,3626,6.31,6.37,4.03
0.78,Very Good,D,VS2,63,58,3534,5.8,5.86,3.67
0.39,Ideal,E,VVS2,62.1,54.6,1100,4.67,4.7,2.91
0.53,Premium,E,SI1,62.2,56,1654,5.22,5.16,3.23
0.3,Ideal,G,SI1,62.3,56,477,4.29,4.31,2.68
0.72,Premium,J,I1,62.9,59,945,5.8,5.63,3.58
0.31,Ideal,G,VVS1,61.7,54,789,4.36,4.39,2.7
2,Premium,G,SI2,60.7,60,10833,8.13,8.07,4.92
0.3,Very Good,E,VVS1,60.5,57,862,4.37,4.39,2.65
1.23,Premium,J,VS1,60.1,60,5209,6.9,6.95,4.16
0.3,Premium,I,VVS1,62.5,60,709,4.27,4.24,2.66
1.01,Premium,E,VS2,62.4,60,6488,6.39,6.43,4
0.71,Ideal,E,SI1,61.1,57,3128,5.75,5.77,3.52
1.52,Good,E,I1,57.3,58,3105,7.53,7.42,4.28
0.72,Very Good,E,SI2,59.8,58,2345,5.84,5.86,3.5
0.54,Ideal,G,SI2,62.7,56,1287,5.23,5.2,3.27
0.41,Very Good,H,IF,62.9,54,1187,4.71,4.74,2.97
1.13,Premium,F,VS2,59.8,61,6822,6.81,6.76,4.06
0.65,Very Good,F,VS2,64,55.3,2241,5.5,5.57,3.54
0.32,Premium,H,VS1,62.3,58,720,4.39,4.34,2.72
1.03,Premium,I,VS1,60.1,59,4199,6.53,6.46,3.9
0.6,Premium,E,VS2,62.7,58,1819,5.34,5.37,3.36
1.23,Ideal,J,VS2,61.5,57,5217,6.9,6.95,4.26
0.42,Ideal,E,SI1,61.3,57,992,4.81,4.79,2.94
1.51,Premium,E,I1,59,62,6494,7.41,7.36,4.36
0.51,Very Good,H,VS1,63.4,57,1437,5.09,5.06,3.22
1,Very Good,F,VS2,61.9,58,6927,6.41,6.49,3.99
0.74,Very Good,J,VS1,62.7,58,2170,5.75,5.8,3.62
0.71,Premium,G,VVS2,60.3,58,2839,5.82,5.78,3.5
0.5,Very Good,F,VS2,63,58,1436,5.05,5.08,3.19
0.34,Ideal,E,VS1,61.8,57,805,4.47,4.5,2.77
0.31,Premium,G,IF,61.7,54,988,4.36,4.33,2.68
2.08,Premium,I,SI2,60.8,61,14047,8.24,8.21,5
0.53,Ideal,H,SI1,62.4,59,1226,5.18,5.21,3.24
1.07,Ideal,G,VS1,62,56,7198,6.58,6.52,4.06
1.04,Good,H,I1,63.9,58,3261,6.42,6.35,4.08
1.06,Ideal,E,SI2,60.9,57,5147,6.58,6.62,4.02
0.91,Good,H,VS1,57.8,61,4566,6.4,6.36,3.69
1.52,Very Good,I,SI2,59.8,62,7866,7.41,7.47,4.45
0.31,Ideal,F,VVS1,62,54,840,4.36,4.38,2.71
0.51,Good,D,SI2,63.9,55,1180,5.04,5.1,3.24
0.47,Ideal,D,VVS1,62,54,2460,4.99,5.01,3.1
1.04,Ideal,F,VS1,61.4,57,7015,6.51,6.56,4.01
0.35,Ideal,F,VS2,61.4,55,706,4.55,4.6,2.81
0.91,Fair,D,VS2,65.1,63,4439,6.02,6,3.91
1.5,Very Good,I,VS2,58.2,60,9118,7.5,7.58,4.39
1,Premium,H,VS2,59.6,59,5069,6.54,6.47,3.88
0.83,Ideal,G,VS1,62.1,55,4989,6.02,6.05,3.75
0.64,Ideal,D,SI1,62.1,57,1991,5.52,5.49,3.42
0.4,Ideal,F,VS1,62.7,55,1050,4.76,4.74,2.98
0.78,Premium,F,VS1,60.6,57,3342,6,5.95,3.62
0.31,Premium,G,VS2,61.2,58,698,4.37,4.32,2.66
1.51,Good,I,SI1,63.9,59,9069,7.18,7.26,4.61
0.52,Ideal,E,SI1,62.1,54,1341,5.17,5.2,3.22
0.31,Good,F,VS2,64.2,59,744,4.3,4.23,2.74
0.32,Ideal,D,SI1,61.4,57,589,4.41,4.42,2.71
1.04,Ideal,J,VVS2,61.1,58,5242,6.49,6.57,3.99
0.31,Ideal,D,VS1,62,54,877,4.36,4.35,2.7
0.33,Ideal,F,VS2,61.9,57,666,4.4,4.42,2.73
0.9,Good,E,VS1,62.7,58,5201,6.07,6.12,3.82
0.32,Ideal,E,SI1,61.5,55,532,4.4,4.44,2.72
1.03,Ideal,H,SI1,62.4,56,4800,6.45,6.5,4.04
1.52,Premium,D,SI2,61.4,54,10308,7.51,7.43,4.59
2.07,Premium,E,SI2,61.4,58,13786,8.24,8.19,5.04
0.51,Ideal,F,VVS2,62.6,57,2093,5.1,5.13,3.2
0.74,Ideal,J,VS1,61.2,56,1985,5.82,5.87,3.58
0.78,Ideal,D,VS1,62.2,57,4350,5.86,5.9,3.66
0.52,Ideal,F,SI1,62.2,54,1223,5.19,5.23,3.24
1.01,Ideal,F,SI2,62.7,57,4843,6.36,6.39,4
0.32,Ideal,F,VVS1,61.8,55,990,4.41,4.36,2.71
0.56,Ideal,D,VS2,60.6,56,1963,5.33,5.37,3.24
0.42,Ideal,D,SI1,62,55,1040,4.84,4.83,3
1.51,Very Good,H,VS2,60.9,54,11077,7.38,7.41,4.5
1.2,Premium,G,SI2,62.4,58,5846,6.77,6.73,4.21
0.82,Ideal,D,VS2,60.8,57,4628,6.02,6.05,3.67
0.52,Ideal,G,VS2,61.2,56,1586,5.16,5.2,3.17
0.3,Good,F,VS1,63.7,56,570,4.26,4.28,2.72
0.43,Very Good,G,VVS2,62.3,60,1056,4.78,4.85,3
0.92,Premium,I,VS2,60.9,58,3895,6.28,6.27,3.82
2.02,Good,I,VS1,65.5,57,15765,7.88,7.96,5.19
0.31,Ideal,H,VS1,62.4,55,698,4.36,4.33,2.71
1.01,Very Good,H,VS2,61,63,5050,6.41,6.38,3.9
0.32,Premium,I,VS2,61.1,57,576,4.42,4.39,2.69
0.77,Ideal,D,SI2,60.6,56,2922,5.95,5.9,3.59
2.01,Very Good,E,SI2,62,61,17024,8.04,8.1,5
0.7,Ideal,I,VS1,62.7,53.4,2363,5.66,5.74,3.57
1.01,Very Good,E,SI1,63.1,57,5085,6.33,6.44,4.03
0.5,Very Good,G,SI1,60,63,1286,5.1,5.06,3.05
0.34,Very Good,G,VS2,59.6,62,556,4.54,4.56,2.71
0.31,Very Good,E,SI1,63.4,57,698,4.33,4.31,2.74
0.38,Ideal,E,VS1,61.9,55.2,979,4.62,4.65,2.87
0.3,Good,E,VS2,63.4,56,614,4.26,4.29,2.71
0.42,Ideal,D,SI1,62.3,57,810,4.77,4.8,2.98
0.85,Ideal,H,SI2,61.8,54,2635,6.07,6.1,3.76
1.57,Ideal,G,SI1,61.8,55,11702,7.49,7.43,4.61
1.51,Ideal,G,SI2,61.2,56.1,9104,7.39,7.41,4.53
1.54,Very Good,F,VS2,60.8,58,13735,7.43,7.56,4.56
0.75,Ideal,H,SI1,61.9,56,3011,5.81,5.85,3.61
1.01,Premium,H,SI2,61.9,60,4242,6.43,6.4,3.97
0.33,Ideal,J,VS1,62.1,55,557,4.44,4.41,2.75
0.41,Ideal,E,VS2,62.1,57,935,4.74,4.79,2.96
0.52,Ideal,G,SI2,61.1,56,1100,5.19,5.22,3.18
1.55,Very Good,G,VS1,60.8,60,14386,7.46,7.51,4.55
0.71,Very Good,E,SI1,62.9,57,2573,5.66,5.7,3.57
0.7,Fair,H,VVS2,64.5,65,2717,5.52,5.45,3.54
0.53,Very Good,F,VS1,61.5,59,1821,5.19,5.22,3.2
0.31,Very Good,H,VS2,60.5,63,489,4.33,4.37,2.63
0.7,Ideal,H,VVS1,62.3,58,2866,5.66,5.7,3.54
1.76,Ideal,I,VVS2,60.2,58,14065,7.84,7.87,4.73
0.51,Ideal,J,VS2,62.5,57,1080,5.04,5.08,3.16
1.45,Ideal,J,VS2,61.9,59,7477,7.16,7.21,4.45
0.51,Ideal,E,SI1,61.7,55,1437,5.18,5.2,3.2
1.51,Very Good,E,SI2,61.8,57,9731,7.34,7.32,4.53
1.07,Premium,F,SI1,61.7,58,5042,6.54,6.61,4.06
0.57,Premium,E,SI1,61.4,58,1608,5.28,5.34,3.26
0.32,Good,H,SI2,63.8,56,403,4.36,4.38,2.79
0.91,Very Good,E,SI1,63.1,58,4434,6.17,6.12,3.88
0.5,Good,E,SI1,63.3,58,1316,4.99,5.03,3.17
0.7,Good,F,VS2,60.1,56,2591,5.73,5.78,3.46
1,Good,F,SI2,63.4,60,3801,6.28,6.33,4
0.38,Very Good,E,VS2,60.5,58,866,4.66,4.7,2.83
0.7,Ideal,G,VS1,60.6,57,2535,5.75,5.7,3.47
1.71,Very Good,G,VS2,62.5,58,15829,7.56,7.66,4.76
0.51,Ideal,H,VVS1,61.8,55,1776,5.15,5.18,3.19
1.37,Very Good,G,VS1,58.3,60,10226,7.3,7.35,4.27
0.7,Very Good,H,VS2,57.9,62,2508,5.8,5.9,3.39
2.07,Very Good,H,SI1,62.1,59,17893,8.15,8.2,5.08
1.01,Very Good,F,VVS2,59.8,58,8212,6.47,6.55,3.89
0.4,Ideal,E,SI1,62.2,55,737,4.71,4.75,2.94
1.29,Ideal,G,VS2,62.9,57,7080,6.91,6.89,4.34
0.68,Fair,G,SI1,58,71,1633,5.85,5.7,3.35
0.51,Ideal,G,VS1,60.2,56,1852,5.2,5.24,3.14
1.1,Premium,E,SI2,59.1,60,4967,6.77,6.7,3.98
1.5,Good,H,SI2,64,61,5208,7.18,7.14,4.58
1.02,Ideal,E,SI1,60.4,55,5278,6.54,6.48,3.93
1.13,Ideal,H,SI1,62.3,56,5483,6.69,6.66,4.16
1.14,Ideal,J,VS1,61.5,57,5392,6.7,6.73,4.13
0.38,Ideal,F,SI2,61.3,55,568,4.67,4.69,2.87
0.57,Very Good,G,VS1,59.3,56,1648,5.38,5.44,3.21
1.57,Premium,H,VS1,62.8,60,11711,7.44,7.36,4.65
0.32,Very Good,E,VS2,60.5,58,561,4.4,4.42,2.67
0.58,Ideal,J,VS2,62.8,57,1196,5.33,5.28,3.33
1.2,Ideal,I,VVS2,61.5,57,6581,6.91,6.82,4.22
0.53,Premium,E,VS1,58.5,61,1950,5.39,5.28,3.12
0.31,Premium,E,VVS2,60.4,59,816,4.34,4.37,2.63
1.07,Premium,H,SI2,62.2,59,4194,6.53,6.47,4.04
0.71,Premium,H,VS2,62.1,58.5,2549,5.68,5.73,3.55
1.5,Very Good,G,SI2,63.2,58,7098,7.25,7.19,4.56
0.9,Premium,H,VS2,62.1,58,3989,6.16,6.2,3.84
1.05,Premium,H,SI1,62.2,58,4682,6.5,6.46,4.03
0.31,Ideal,D,VS2,60.7,56,734,4.35,4.38,2.65
0.46,Good,G,VS1,59.5,61.4,1179,4.95,5,2.96
1.2,Premium,I,SI1,62.6,59,5712,6.85,6.79,4.27
1.03,Fair,G,SI2,65.7,59,2942,6.3,6.24,4.12
1,Very Good,F,VS2,62.2,55,6340,6.39,6.44,3.99
0.4,Premium,G,SI1,58.3,62,816,4.86,4.81,2.82
0.31,Good,F,VS2,63.9,56,625,4.29,4.32,2.75
0.54,Premium,H,SI1,61,58,1154,5.23,5.27,3.2
0.34,Ideal,F,VS2,61,57,686,4.48,4.5,2.74
1.02,Ideal,F,VS2,62.7,54,6597,6.5,6.42,4.05
0.86,Ideal,G,SI2,61.9,55,3442,6.11,6.14,3.79
1.21,Ideal,G,VS1,62.2,56,9026,6.87,6.85,4.26
0.55,Ideal,F,VVS2,61.1,57,2629,5.28,5.31,3.24
1.01,Premium,G,VS2,61.2,59,5131,6.43,6.37,3.92
0.32,Very Good,I,VS2,62.8,58,449,4.33,4.37,2.73
1.2,Very Good,G,VS2,62,55,7318,6.8,6.84,4.23
0.54,Ideal,F,VS1,61.1,55,2083,5.26,5.32,3.23
1.06,Ideal,I,VS2,61.4,57,4405,6.57,6.52,4.02
1.76,Fair,J,VS1,56.9,66,9314,8.09,7.94,4.56
0.32,Very Good,F,SI1,63.2,55,684,4.4,4.37,2.77
0.4,Very Good,E,VVS2,61,55,1106,4.77,4.81,2.92
1.02,Good,G,VS1,63.3,58,6738,6.38,6.42,4.05
1.69,Premium,J,I1,60.2,61,5277,7.79,7.7,4.66
0.84,Very Good,G,VVS2,60.4,55,4259,6.07,6.12,3.68
0.3,Premium,E,VS1,60.6,62,851,4.3,4.28,2.6
0.51,Ideal,E,VS2,62.2,57,1656,5.08,5.11,3.17
0.5,Ideal,I,SI1,59.8,59,1031,5.18,5.15,3.09
0.54,Premium,E,VS2,59.2,58,1754,5.32,5.35,3.16
0.3,Ideal,H,VVS1,62.3,57,650,4.25,4.28,2.65
0.36,Very Good,H,VVS1,62,55,753,4.57,4.6,2.84
0.32,Very Good,H,VS2,60.7,61,505,4.39,4.41,2.67
1.09,Very Good,F,IF,61.4,56,11631,6.62,6.68,4.08
0.52,Ideal,G,VVS2,60.9,56,1858,5.22,5.26,3.19
1.21,Very Good,F,VS2,60.1,58,10283,6.85,6.92,4.14
1.24,Premium,H,SI2,62.3,58,4444,6.84,6.8,4.25
0.56,Ideal,G,VVS2,61,57,2510,5.32,5.36,3.26
1.09,Good,F,SI2,60.8,61.4,5167,6.59,6.64,4.02
0.8,Very Good,F,SI2,61.5,56,2652,5.93,5.98,3.66
1.01,Ideal,G,VVS2,61.1,57,8029,6.49,6.54,3.98
1.43,Very Good,D,SI1,63.5,56,9450,7.24,7.09,4.55
1.02,Very Good,G,VS1,62.4,58,6622,6.37,6.42,3.99
1,Fair,D,SI2,64.5,54,4312,6.34,6.28,4.07
0.32,Ideal,E,VVS1,61.7,56,1020,4.42,4.4,2.72
0.91,Good,J,VS1,64.2,60,3210,6.01,5.95,3.84
1.01,Ideal,F,VS2,61.7,55,7347,6.42,6.46,3.98
0.7,Good,F,SI2,64.1,58,1792,5.58,5.53,3.56
1.52,Premium,D,SI1,59.8,58,12823,7.55,7.51,4.5
0.7,Ideal,F,SI2,61.8,56,2171,5.69,5.71,3.52
0.75,Premium,E,VS2,61.8,58,3150,5.85,5.83,3.61
1.06,Very Good,H,SI2,62.8,57,4372,6.49,6.57,4.1
1.53,Premium,J,VS2,62.9,59,7554,7.34,7.31,4.61
0.59,Ideal,E,SI2,61.6,54,1248,5.42,5.45,3.35
0.5,Premium,D,SI1,62.8,58,1610,5.06,5.03,3.17
0.42,Ideal,D,VVS1,61.6,56,1547,4.79,4.82,2.96
0.4,Very Good,E,VVS1,63.4,57,1164,4.64,4.66,2.95
0.31,Ideal,H,VS2,61.8,57,507,4.32,4.36,2.68
0.42,Very Good,F,SI1,63.1,56,926,4.82,4.79,3.03
0.5,Ideal,D,SI1,62.7,57,1272,5.06,5.08,3.18
0.32,Premium,E,VVS2,61.5,58,842,4.36,4.42,2.7
0.39,Premium,H,SI2,62.4,59,721,4.65,4.58,2.88
2.02,Premium,H,SI1,61.4,61,13229,8.09,8.03,4.95
1.03,Ideal,F,SI1,62.6,57,5366,6.42,6.46,4.03
1.75,Ideal,J,VS2,62.1,57,9663,7.71,7.66,4.77
0.79,Very Good,H,VS1,63.7,56,2784,5.85,5.92,3.75
0.72,Ideal,E,VS2,61.1,56,3601,5.78,5.81,3.54
1.01,Good,D,VS1,62.2,62,7303,6.29,6.41,3.95
1.09,Ideal,G,VVS2,62.5,56,8282,6.54,6.58,4.1
0.52,Good,E,SI2,60.5,62,1199,5.15,5.2,3.13
1.15,Ideal,H,VS2,62.6,57,5989,6.75,6.69,4.21
0.7,Very Good,F,VS2,61,59,2362,5.69,5.75,3.49
1.28,Premium,I,SI1,62.6,55,6093,6.97,6.93,4.35
1.01,Fair,E,SI1,64.7,59,4181,6.23,6.11,3.99
1.02,Very Good,E,SI2,59.6,59,4398,6.54,6.59,3.91
0.72,Good,J,SI1,60.1,64,1663,5.83,5.75,3.48
0.52,Very Good,G,SI1,59.4,60,1267,5.23,5.28,3.12
0.9,Very Good,F,VS2,64.2,59,4268,6.07,6.11,3.91
0.9,Very Good,H,SI1,62.3,63,3447,6.06,6.13,3.8
0.37,Ideal,E,SI1,62.7,54,833,4.6,4.55,2.87
0.63,Premium,E,VS2,62.4,59,2344,5.5,5.46,3.42
2.02,Very Good,F,SI1,62.8,59,15987,7.9,7.98,4.99
0.83,Premium,E,SI2,62,61,2544,6.05,5.98,3.73
0.39,Premium,D,VVS2,61.1,60,1290,4.7,4.66,2.86
0.5,Premium,G,SI1,62.8,61,1286,5.01,4.99,3.14
0.51,Very Good,F,SI1,62.5,59,1203,5.08,5.1,3.18
1.07,Premium,G,VVS2,61.6,57,7593,6.59,6.55,4.05
0.9,Fair,D,SI1,66.1,55,3945,5.98,5.92,3.93
1.5,Good,F,VS2,58.6,64,13160,7.52,7.46,4.39
0.72,Very Good,F,VS2,61.6,58,3238,5.75,5.78,3.55
2.5,Ideal,J,SI2,63.8,53,15246,8.56,8.5,5.45
1.5,Very Good,I,VS2,59.4,61,9342,7.41,7.45,4.41
0.5,Good,E,VS2,63.8,54,1752,5.05,5.07,3.23
0.31,Good,F,VS2,63.5,55,583,4.31,4.32,2.74
0.43,Ideal,D,VS1,62.1,55,1207,4.83,4.86,3.01
0.4,Premium,E,SI2,61.4,57,855,4.74,4.68,2.89
0.66,Good,G,VS1,59,62,2055,5.66,5.72,3.35
1.2,Good,I,VS1,61.7,62,5818,6.65,6.74,4.13
1.51,Very Good,F,VVS2,61.9,58,16716,7.3,7.36,4.54
1.02,Good,E,SI2,62.8,64,3838,6.36,6.32,3.98
0.71,Good,H,SI1,63.4,54,2056,5.6,5.67,3.57
0.72,Ideal,E,VVS2,61.7,55,4927,5.76,5.78,3.56
0.39,Ideal,G,VVS1,61.8,54.4,1008,4.69,4.73,2.92
0.74,Ideal,H,VVS1,61.1,56,3804,5.84,5.91,3.59
0.55,Good,F,VS2,62.8,63,1563,5.13,5.19,3.24
1,Fair,J,VS2,65.7,59,2811,6.14,6.07,4.01
0.34,Ideal,E,SI1,61.9,55,565,4.51,4.53,2.8
2.03,Ideal,J,VS2,62.1,57,13880,8.15,8.08,5.04
0.3,Good,F,VS1,63.7,56,731,4.28,4.26,2.72
0.71,Ideal,D,SI1,60.8,57,3502,5.75,5.78,3.5
1.01,Premium,F,VS2,62.1,60,5988,6.36,6.43,3.97
0.71,Ideal,H,VVS1,61.8,56,3014,5.7,5.75,3.54
2.22,Premium,I,VS2,60.5,59,14662,8.41,8.37,5.08
1.51,Good,E,SI1,65.5,56,9539,7.12,7.16,4.68
0.23,Very Good,D,VS1,62.4,56,468,3.93,3.98,2.46
0.51,Ideal,D,VS2,61.9,55,1716,5.19,5.15,3.2
1.11,Ideal,H,SI2,63.5,60,4538,6.58,6.49,4.15
1.08,Very Good,D,VS1,60.5,58,8513,6.53,6.63,3.98
0.42,Premium,F,VS2,61.9,58,945,4.8,4.76,2.96
0.42,Ideal,H,VS2,62.9,56,992,4.79,4.72,2.99
0.4,Very Good,F,SI1,59.6,58,694,4.81,4.82,2.87
0.41,Good,H,VS2,64.1,57,917,4.72,4.64,3
0.58,Very Good,J,VS2,62.9,58,1266,5.3,5.32,3.34
0.56,Ideal,G,VS1,62.2,55,1915,5.31,5.27,3.29
0.51,Premium,E,SI1,62.9,57,1402,5.11,5.06,3.2
1.16,Very Good,G,VS1,62.9,55,7589,6.65,6.74,4.21
0.9,Very Good,H,SI1,62.8,57,3437,6.14,6.18,3.87
1.52,Ideal,H,VS2,61.9,55,11379,7.38,7.43,4.58
0.71,Fair,G,SI2,65.6,56,1691,5.54,5.49,3.63
0.52,Ideal,H,SI1,61.9,56,1098,5.16,5.22,3.2
1.51,Very Good,G,SI1,59.6,60,10576,7.42,7.45,4.43
1.02,Ideal,H,SI1,63,57,4233,6.36,6.3,3.99
0.29,Ideal,G,VS1,61.9,55,532,4.25,4.28,2.64
2.02,Fair,H,SI2,56.5,61,14080,8.33,8.37,4.72
0.7,Good,E,VS2,60.1,62,2606,5.77,5.74,3.46
0.4,Ideal,F,VS1,61.8,55,971,4.76,4.78,2.95
1,Very Good,D,SI1,60.5,58,5755,6.42,6.48,3.9
0.84,Very Good,G,SI2,62.8,57,3015,6,6.04,3.78
0.52,Ideal,I,VS2,61.8,54,1152,5.16,5.2,3.2
0.91,Premium,E,VS1,62.9,56,5228,6.21,6.13,3.88
1.08,Premium,G,SI2,62.9,59,4627,6.57,6.53,4.12
0.77,Good,H,VVS1,63.1,57,3096,5.83,5.86,3.69
0.51,Ideal,G,SI1,61.5,55.5,1254,5.13,5.19,3.17
0.31,Very Good,G,VVS1,62.6,61,816,4.28,4.31,2.69
1.2,Very Good,G,SI2,61.2,59,4712,6.78,6.84,4.17
0.3,Premium,D,SI1,61.6,58,709,4.32,4.29,2.65
0.37,Premium,G,SI1,62.1,60,708,4.61,4.54,2.84
0.5,Ideal,D,VS2,61.7,53,1678,5.14,5.16,3.18
0.3,Good,I,SI1,63.2,55,405,4.25,4.29,2.7
0.29,Very Good,E,VVS2,60.9,57,674,4.29,4.32,2.62
0.38,Ideal,H,SI1,61.2,56,697,4.7,4.74,2.89
2.49,Premium,I,SI2,61.2,56,18325,8.76,8.7,5.34
0.71,Premium,F,SI2,60.6,58,2363,5.77,5.72,3.48
0.73,Ideal,F,VVS1,61.1,56,4171,5.83,5.86,3.57
0.3,Premium,H,SI1,61.2,60,540,4.31,4.29,2.63
0.3,Very Good,G,VS1,62.5,59,629,4.32,4.25,2.68
0.5,Very Good,D,VS2,63.3,58,1602,5.03,5.05,3.19
0.58,Ideal,F,SI2,62,57,1332,5.35,5.32,3.31
1.04,Premium,I,SI2,61.6,56,3960,6.56,6.49,4.02
1.16,Premium,G,VS2,59.9,60,7203,6.88,6.85,4.11
2.04,Premium,I,VS2,62.5,58,17028,8.22,8.09,5.1
0.41,Ideal,E,VVS1,61.9,55,1431,4.79,4.78,2.96
0.32,Good,D,SI1,63.3,57,589,4.37,4.38,2.77
0.31,Very Good,E,VS2,62.9,57,680,4.3,4.35,2.72
0.4,Premium,G,VVS2,61.7,59,1050,4.76,4.73,2.93
2.3,Ideal,G,SI2,61.4,57,14744,8.51,8.48,5.22
1.03,Ideal,F,VS1,59,55,7613,6.62,6.67,3.92
1.17,Ideal,F,SI1,61.1,56,6828,6.77,6.82,4.15
1.56,Ideal,H,SI1,62.1,56,10739,7.44,7.46,4.63
0.3,Ideal,H,IF,61.8,55,789,4.3,4.31,2.66
1.5,Very Good,E,SI2,60.1,60,9281,7.35,7.42,4.44
1.03,Ideal,H,SI1,59.7,55,4585,6.6,6.64,3.95
0.37,Premium,D,VVS2,60.7,59,971,4.63,4.66,2.82
0.7,Very Good,G,VS1,62.3,58,2631,5.63,5.67,3.52
0.9,Very Good,I,VS2,61.4,58,3445,6.16,6.26,3.81
0.4,Premium,H,SI1,62.6,58,855,4.72,4.68,2.94
0.9,Very Good,H,SI1,62.8,58,3437,6.13,6.16,3.86
0.72,Very Good,F,VVS2,63.6,59,3420,5.65,5.7,3.61
1.26,Very Good,I,VS1,61.8,61,6566,6.9,6.95,4.28
0.32,Ideal,G,SI1,62.3,57,508,4.38,4.41,2.74
1,Premium,H,SI2,60.2,61,3920,6.48,6.44,3.89
0.31,Premium,G,VVS2,62.2,59,907,4.36,4.32,2.7
0.3,Ideal,G,VS2,61.6,58,545,4.27,4.3,2.64
1,Premium,F,SI1,62.1,59,5060,6.36,6.39,3.96
0.82,Ideal,D,SI2,62.1,57,3357,6.04,6,3.74
2.01,Very Good,I,VS1,59.8,63,17068,8.14,8.11,4.86
1.05,Premium,F,SI1,61.8,56,5557,6.55,6.45,4.02
0.74,Premium,D,VS2,59.3,60,3353,5.89,5.91,3.5
1.54,Premium,G,SI1,61.3,59,10219,7.41,7.38,4.53
1.1,Ideal,G,VS2,62.3,56,6387,6.63,6.59,4.12
0.56,Premium,F,SI2,60.2,58,1715,5.36,5.33,3.22
0.67,Ideal,G,VVS1,62.4,55,2577,5.6,5.62,3.5
0.36,Ideal,G,VVS1,62.8,57,1053,4.55,4.52,2.85
1.24,Premium,I,VS2,60.1,59,5889,7.02,6.95,4.2
1.7,Premium,I,VVS2,62.1,59,11775,7.6,7.53,4.7
0.91,Ideal,E,SI2,62.7,57,3756,6.19,6.26,3.9
0.43,Ideal,F,SI1,61.3,56,739,4.86,4.9,2.99
1.02,Ideal,H,VVS2,62,56,6613,6.42,6.45,3.99
0.35,Ideal,D,VS1,61.2,56,1035,4.54,4.58,2.79
0.96,Premium,E,SI2,62.8,60,3016,6.3,6.24,3.94
1.04,Ideal,F,SI2,62.1,57,4754,6.48,6.46,4.02
1.01,Good,H,SI1,63.4,59,4749,6.28,6.34,4
0.74,Ideal,G,VS1,61.5,55,2780,5.81,5.86,3.59
0.47,Good,E,SI2,56.5,62,844,5.17,5.09,2.9
1.12,Ideal,I,SI2,62.4,57,3688,6.69,6.62,4.15
0.5,Ideal,E,SI1,60.8,57,1410,5.09,5.14,3.11
0.33,Premium,E,SI1,61.1,58,579,4.43,4.47,2.72
2.29,Premium,J,IF,61.4,60,18594,8.49,8.45,5.2
0.56,Premium,G,SI1,60.2,59,1441,5.36,5.34,3.22
0.58,Very Good,I,VVS1,63,57,1636,5.29,5.34,3.35
2.05,Premium,I,SI2,62,58,9850,8.13,8.08,5.02
1.6,Premium,G,VVS1,61.5,58,17204,7.48,7.58,4.63
1.02,Very Good,F,VVS2,60.9,56,9205,6.44,6.5,3.94
0.32,Ideal,E,SI1,61.6,54,516,4.42,4.45,2.73
2.01,Very Good,I,VS2,63.8,59,17422,7.89,7.85,5.02
0.24,Very Good,F,VVS2,62.8,58,552,3.95,3.98,2.49
1.13,Ideal,I,SI2,61.4,56,4481,6.69,6.71,4.12
0.3,Ideal,D,SI1,62.1,56,552,4.3,4.33,2.68
1.55,Premium,H,VS2,61.7,59,11428,7.44,7.4,4.58
0.21,Premium,E,SI2,61.9,56,394,3.84,3.82,2.37
0.38,Premium,E,VVS1,60.6,59,1119,4.65,4.62,2.81
0.53,Ideal,D,SI2,61.4,56,1314,5.22,5.24,3.21
1.13,Ideal,I,VS1,61.8,57,6980,6.66,6.7,4.13
0.72,Very Good,F,VS2,63.6,58,2787,5.66,5.69,3.61
0.84,Ideal,H,SI2,63,56,2628,6.04,6.02,3.8
1,Premium,F,VS2,61.9,59,6521,6.36,6.41,3.95
1.08,Ideal,G,VVS1,61.6,56,8347,6.6,6.65,4.08
1.2,Premium,F,I1,62.9,58,2360,6.86,6.79,4.29
1.2,Very Good,E,SI1,63.2,57,6373,6.75,6.69,4.25
1.01,Premium,E,SI2,60,61,4921,6.53,6.47,3.9
0.91,Good,J,VS1,64.2,60,3210,6.01,5.95,3.84
2.54,Premium,H,SI2,61.3,58,14717,8.8,8.7,5.36
1.31,Premium,H,SI2,60.8,58,6529,7.13,7.08,4.32
0.71,Very Good,H,VS1,62.8,59,2428,5.61,5.7,3.55
0.4,Premium,F,VS1,61.1,59,982,4.71,4.75,2.89
1.82,Premium,G,SI1,62.7,58,15162,7.75,7.68,4.84
1.51,Premium,H,VS2,62.9,59,11268,7.31,7.25,4.58
0.31,Premium,F,VS2,62.9,58,802,4.31,4.27,2.7
0.5,Premium,F,VVS2,61.9,58,2160,5.1,5.07,3.15
0.35,Premium,E,IF,59,61,1148,4.64,4.62,2.73
0.31,Ideal,E,VVS1,61.7,56,853,4.38,4.4,2.71
0.32,Good,F,VS2,63.4,57,645,4.32,4.36,2.75
0.4,Premium,D,SI2,61.6,59,855,4.74,4.68,2.9
1.01,Premium,F,SI1,61.9,56,5599,6.53,6.45,4.02
2.04,Premium,H,SI2,62.8,57,13790,8.13,8.08,5.09
1.02,Very Good,E,VS2,60.3,60,6103,6.58,6.48,3.94
2.07,Very Good,H,SI2,63.3,56,15992,8.1,8.08,5.12
0.9,Good,G,SI1,63.9,60,3574,6.07,6.1,3.89
0.39,Premium,G,VS2,61.2,60,787,4.68,4.73,2.88
1.52,Very Good,H,VS2,63.3,57,10618,7.33,7.32,4.64
1.52,Ideal,F,VS1,62.2,55,16055,7.29,7.41,4.57
0.32,Premium,G,VS2,61.1,58,720,4.45,4.42,2.71
0.31,Premium,H,VS2,59.7,61,628,4.42,4.39,2.63
0.63,Ideal,E,VS1,61.5,56,2503,5.5,5.53,3.39
0.31,Premium,F,VVS1,59.2,62,997,4.41,4.34,2.59
1.2,Premium,G,VS1,58.4,61,8177,6.95,6.91,4.05
1.06,Premium,F,SI1,58.4,61,5535,6.73,6.69,3.92
1,Good,E,VVS2,65.3,56,7226,6.19,6.24,4.06
1.01,Premium,F,I1,61.8,60,2781,6.39,6.36,3.94
1.01,Good,G,VS1,59.2,63,6407,6.5,6.48,3.84
0.5,Fair,G,VVS2,64.9,58,1712,5,4.95,3.23
1.31,Very Good,I,SI1,62.6,59,6686,6.97,6.86,4.33
2.04,Premium,I,SI2,60.2,59,15543,8.28,8.22,4.97
1.56,Good,J,VS2,57.6,65,6966,7.6,7.62,4.38
1.51,Good,I,VVS2,63.6,58,7255,7.29,7.26,4.63
1.54,Premium,G,SI2,59.4,60,7707,7.49,7.52,4.46
0.3,Ideal,I,VVS2,62.1,56,515,4.29,4.31,2.67
0.47,Very Good,J,SI1,62.4,58,764,4.94,4.99,3.1
0.39,Premium,G,IF,59,60,1300,4.75,4.78,2.81